{
  "MinionsKilled_mean":147.6201026075,
  "assists_mean":8.0946303205,
  "deaths_mean":5.7476882336,
  "is_blue_team":0.4931999584,
  "kills_mean":5.9149982412,
  "syn_assist_share_max":0.8359716531,
  "syn_assist_share_std":0.0339405883,
  "syn_assists_mean":8.0946303205,
  "syn_assists_std":0.9821260163,
  "syn_deaths_mean":5.7476882336,
  "syn_deaths_std":0.4662211878,
  "syn_gold_share_max":0.809157726,
  "syn_gold_share_std":0.0123733372,
  "syn_kda_mean":321.6476962348,
  "syn_kda_std":148.8050345597,
  "syn_kill_share_max":0.8430549769,
  "syn_kill_share_std":0.0423983518,
  "syn_kills_mean":5.9149982412,
  "syn_kills_std":0.8510952316,
  "syn_minion_share_max":0.8273195169,
  "syn_minion_share_std":0.0352502874,
  "syn_minions_mean":147.6201026075,
  "syn_minions_std":19.1425470045,
  "syn_n_players":1.9095408671,
  "syn_role_entropy":0.2790659102,
  "syn_role_imbalance":1.3070497481,
  "syn_role_max_count":1.3070497481,
  "syn_role_min_count":0.0,
  "syn_role_nunique":1.5847441252,
  "dataset_source":0.1995273414
}